Nom de la boutique,Catégorie,Téléphone,Centre commercial,Date de collecte
123 Soleil,Bébé/Enfant,,Polygone Béziers,2026-05-02
Acid Queen,Mode homme,04 67 01 68 28,Polygone Béziers,2026-05-02
Adidas,Mode homme,04 67 26 86 89,Polygone Béziers,2026-05-02
Avril,Beauté et bien-être,09 72 44 85 63,Polygone Béziers,2026-05-02
B&W Barber,Beauté et bien-être,07 66 71 05 36,Polygone Béziers,2026-05-02
BZB,Mode homme,04 67 39 15 51,Polygone Béziers,2026-05-02
Biotech USA,Beauté et bien-être,04 67 32 44 81,Polygone Béziers,2026-05-02
Bleu Cerise,Accessoires,04 67 26 21 93,Polygone Béziers,2026-05-02
Blue Box,Mode homme,04 99 41 40 01,Polygone Béziers,2026-05-02
Bonobo,Mode homme,04 11 27 00 10,Polygone Béziers,2026-05-02
Bouygues Telecom,Multimédia,09 86 01 01 48,Polygone Béziers,2026-05-02
Bowling,Culture et loisirs,04 99 43 29 00,Polygone Béziers,2026-05-02
Bréal,Mode femme,04 67 09 35 89,Polygone Béziers,2026-05-02
Cache Cache,Mode femme,04 67 35 28 03,Polygone Béziers,2026-05-02
Calzedonia,Mode femme,,Polygone Béziers,2026-05-02
Celio,Mode homme,04 67 94 75 27,Polygone Béziers,2026-05-02
Cléor,Accessoires,09 71 00 11 12,Polygone Béziers,2026-05-02
Columbus,Saveurs,09 67 82 99 59,Polygone Béziers,2026-05-02
Courir,Mode homme,04 65 65 00 62,Polygone Béziers,2026-05-02
Cultura,Culture et loisirs,04 99 43 29 90,Polygone Béziers,2026-05-02
Dandy Cloud,Beauté et bien-être,04 67 90 98 79,Polygone Béziers,2026-05-02
Depil Tech,Beauté et bien-être,04 67 01 07 14,Polygone Béziers,2026-05-02
Devred,Mode homme,04 67 98 11 17,Polygone Béziers,2026-05-02
ETIENNE Coffee & Shop,Saveurs,04 67 00 11 47,Polygone Béziers,2026-05-02
Etam Lingerie,Mode femme,04 67 62 37 80,Polygone Béziers,2026-05-02
Excel Coiffure,Services,04 67 93 40 36,Polygone Béziers,2026-05-02
Father and Sons,Mode homme,04 22 59 04 65,Polygone Béziers,2026-05-02
Flying Tiger,Maison,04 11 93 45 88,Polygone Béziers,2026-05-02
Free,Multimédia,,Polygone Béziers,2026-05-02
GDC - Galerie Dressing Chaussures,Mode homme,04 67 76 54 09,Polygone Béziers,2026-05-02
Grain de Malice,Mode femme,04 67 09 06 96,Polygone Béziers,2026-05-02
Haribo,Alimentaire,04 99 41 83 19,Polygone Béziers,2026-05-02
IKKS MEN & WOMEN,Mode homme,04 99 41 83 90,Polygone Béziers,2026-05-02
JD Sports,Mode homme,04 12 24 20 26,Polygone Béziers,2026-05-02
Jack & Jones,Mode homme,04 87 83 04 53,Polygone Béziers,2026-05-02
Jeff de Bruges,Saveurs,04 67 09 38 73,Polygone Béziers,2026-05-02
Jules,Mode homme,04 48 94 01 01,Polygone Béziers,2026-05-02
Kinepolis,Culture et loisirs,04 67 62 39 11,Polygone Béziers,2026-05-02
King Jouet,Culture et loisirs,04 15 98 22 10,Polygone Béziers,2026-05-02
Krys,Accessoires,04 28 69 77 77,Polygone Béziers,2026-05-02
La Boutique du Coiffeur,Beauté et bien-être,04 67 00 32 32,Polygone Béziers,2026-05-02
La Casa de las Carcasas,Accessoires,04 67 77 14 10,Polygone Béziers,2026-05-02
La Croissanterie,Saveurs,04 67 98 77 31,Polygone Béziers,2026-05-02
La Gourmandise,Saveurs,,Polygone Béziers,2026-05-02
La Terrasse du Carrousel,Culture et loisirs,,Polygone Béziers,2026-05-02
La chaise longue,Maison,04 67 62 29 18,Polygone Béziers,2026-05-02
Lacoste,Mode homme,,Polygone Béziers,2026-05-02
Les Folies du Carrousel,Saveurs,07 83 52 14 80,Polygone Béziers,2026-05-02
Levi's,Mode homme,,Polygone Béziers,2026-05-02
Lovisa,Accessoires,,Polygone Béziers,2026-05-02
Maison 123,Mode femme,04 67 11 43 91,Polygone Béziers,2026-05-02
Maison Harmony,Beauté et bien-être,04 67 21 57 08,Polygone Béziers,2026-05-02
Maisons du Monde,Maison,04 28 69 00 50,Polygone Béziers,2026-05-02
Morgan,Mode femme,,Polygone Béziers,2026-05-02
Nature & Découvertes,Culture et loisirs,04 67 00 82 70,Polygone Béziers,2026-05-02
New Yorker,Mode homme,04 67 09 74 50,Polygone Béziers,2026-05-02
Nocibé,Beauté et bien-être,04 67 49 23 11,Polygone Béziers,2026-05-02
ONE,Mode femme,04 67 09 75 50,Polygone Béziers,2026-05-02
ONE Men,Mode homme,,Polygone Béziers,2026-05-02
ONLY,Mode femme,,Polygone Béziers,2026-05-02
Okaïdi,Bébé/Enfant,04 30 23 60 18,Polygone Béziers,2026-05-02
Orange,Multimédia,,Polygone Béziers,2026-05-02
Orca,Accessoires,04 67 01 52 88,Polygone Béziers,2026-05-02
Palais des thés,Saveurs,04 67 00 67 76,Polygone Béziers,2026-05-02
Pandora,Accessoires,04 67 21 01 16,Polygone Béziers,2026-05-02
Parapharmacie du Polygone,Beauté et bien-être,04 67 39 30 82,Polygone Béziers,2026-05-02
Photomaton,Services,,Polygone Béziers,2026-05-02
Planet Fiesta,Culture et loisirs,09 61 31 05 56,Polygone Béziers,2026-05-02
Poterie de la Madeleine,Maison,04 67 76 68 65,Polygone Béziers,2026-05-02
Promod,Mode femme,04 48 94 01 00,Polygone Béziers,2026-05-02
Punt Roma,Mode femme,04 11 27 04 51,Polygone Béziers,2026-05-02
Rituals,Beauté et bien-être,04 99 43 08 50,Polygone Béziers,2026-05-02
SFR,Multimédia,04 34 45 80 87,Polygone Béziers,2026-05-02
She,Mode femme,04 34 33 15 98,Polygone Béziers,2026-05-02
Shilton,Mode homme,04 67 31 78 17,Polygone Béziers,2026-05-02
Shilton Sports,Mode homme,,Polygone Béziers,2026-05-02
Skechers,Accessoires,04 48 14 02 10,Polygone Béziers,2026-05-02
The North Face,Mode homme,09 67 03 84 38,Polygone Béziers,2026-05-02
Undiz,Mode homme,04 67 31 37 35,Polygone Béziers,2026-05-02
Verdié Voyages,Culture et loisirs,04 67 00 00 77,Polygone Béziers,2026-05-02
Waffle Factory,Saveurs,09 87 76 80 95,Polygone Béziers,2026-05-02
WeFix,Multimédia,,Polygone Béziers,2026-05-02
Yogurt Factory,Saveurs,,Polygone Béziers,2026-05-02
Yves Rocher,Beauté et bien-être,04 99 47 10 02,Polygone Béziers,2026-05-02
Zara,Mode homme,08 01 84 13 91,Polygone Béziers,2026-05-02
ADOPT,Beauté et bien-être,04 67 84 43 08,Polygone Montpellier,2026-05-02
AROMA ZONE,Beauté et bien-être,04 13 35 50 00,Polygone Montpellier,2026-05-02
ATELIER 19,Accessoires,06 86 67 08 48,Polygone Montpellier,2026-05-02
Alice Délice,Maison,04 67 47 12 89,Polygone Montpellier,2026-05-02
Aux Grands Vins de France,Saveurs,04 67 65 68 55,Polygone Montpellier,2026-05-02
BZB,Mode homme,04 67 22 37 30,Polygone Montpellier,2026-05-02
Banque Populaire,Services,,Polygone Montpellier,2026-05-02
Beaucoup Store,Mode femme,04 28 70 21 00,Polygone Montpellier,2026-05-02
Bershka,Mode homme,04 99 75 07 51,Polygone Montpellier,2026-05-02
Bexley,Mode homme,04 11 32 07 44,Polygone Montpellier,2026-05-02
BioTechUSA,Saveurs,04 67 64 49 19,Polygone Montpellier,2026-05-02
Bleu Cerise,Accessoires,04 11 25 09 17,Polygone Montpellier,2026-05-02
Bloom and Cakes,Saveurs,04 99 64 12 60,Polygone Montpellier,2026-05-02
Bonobo,Mode homme,04 11 28 00 60,Polygone Montpellier,2026-05-02
C&A,Mode homme,04 67 65 15 58,Polygone Montpellier,2026-05-02
CHABRAND,Mode homme,04 99 53 10 08,Polygone Montpellier,2026-05-02
Calzedonia,Mode femme,04 67 47 42 47,Polygone Montpellier,2026-05-02
Caroll,Mode femme,04 67 99 09 86,Polygone Montpellier,2026-05-02
Celio,Mode homme,04 67 15 00 76,Polygone Montpellier,2026-05-02
Coffea,Saveurs,04 67 64 35 61,Polygone Montpellier,2026-05-02
Courir,Mode homme,04 65 65 00 48,Polygone Montpellier,2026-05-02
DECATHLON,Culture et loisirs,04 85 68 01 00,Polygone Montpellier,2026-05-02
Devred,Mode homme,04 67 17 36 02,Polygone Montpellier,2026-05-02
Easy Cash,Culture et loisirs,04 99 64 65 66,Polygone Montpellier,2026-05-02
Etam Lingerie,Mode femme,04 67 64 32 52,Polygone Montpellier,2026-05-02
Father & Sons,Mode homme,04 67 85 75 30,Polygone Montpellier,2026-05-02
Fnac,Culture et loisirs,08 25 02 00 20,Polygone Montpellier,2026-05-02
GEOX,Accessoires,04 67 47 17 15,Polygone Montpellier,2026-05-02
GRANDOPTICAL,Accessoires,04 67 99 80 60,Polygone Montpellier,2026-05-02
Galeries Lafayette,Saveurs,04 67 64 83 00,Polygone Montpellier,2026-05-02
HEMA,Saveurs,04 11 32 10 30,Polygone Montpellier,2026-05-02
Histoire d'Or,Accessoires,04 67 65 12 45,Polygone Montpellier,2026-05-02
IKKS,Mode homme,09 81 31 21 13,Polygone Montpellier,2026-05-02
IZAC,Mode homme,09 70 37 37 03,Polygone Montpellier,2026-05-02
Jacadi,Mode enfant,04 67 99 90 41,Polygone Montpellier,2026-05-02
Jean Louis David,Beauté et bien-être,04 67 65 17 99,Polygone Montpellier,2026-05-02
Jeff de Bruges,Saveurs,09 62 09 85 51,Polygone Montpellier,2026-05-02
Jules,Mode homme,04 67 81 93 30,Polygone Montpellier,2026-05-02
KIKO MILANO,Beauté et bien-être,04 22 24 00 21,Polygone Montpellier,2026-05-02
Kusmi Tea,Saveurs,04 67 85 63 90,Polygone Montpellier,2026-05-02
L'Occitane en Provence,Beauté et bien-être,04 67 82 57 30,Polygone Montpellier,2026-05-02
La Grande Récré,Culture et loisirs,04 67 22 13 52,Polygone Montpellier,2026-05-02
La boutique du Coiffeur,Beauté et bien-être,04 67 07 09 00,Polygone Montpellier,2026-05-02
Le Repère Gourmand,Saveurs,04 28 70 21 00,Polygone Montpellier,2026-05-02
Leonidas,Saveurs,09 53 66 85 35,Polygone Montpellier,2026-05-02
Liu Jo,Mode femme,04 67 22 01 98,Polygone Montpellier,2026-05-02
Lolly's,Saveurs,04 99 62 59 51,Polygone Montpellier,2026-05-02
Louis Pion,Accessoires,04 67 22 39 55,Polygone Montpellier,2026-05-02
Lovisa,Mode femme,01 56 00 14 74,Polygone Montpellier,2026-05-02
Maison Cent Vingt-Trois,Mode femme,04 67 65 13 17,Polygone Montpellier,2026-05-02
Maison Montaigne,Mode homme,04 28 70 21 00,Polygone Montpellier,2026-05-02
Maisons du Monde,Maison,04 28 69 00 27,Polygone Montpellier,2026-05-02
Mango,Mode homme,04 67 22 11 41,Polygone Montpellier,2026-05-02
Micromania,Culture et loisirs,04 67 20 09 97,Polygone Montpellier,2026-05-02
Mister Minit,Services,04 67 65 91 14,Polygone Montpellier,2026-05-02
Moa,Accessoires,04 67 64 70 30,Polygone Montpellier,2026-05-02
Mon Bar à Ongles,Beauté et bien-être,04 67 68 28 07,Polygone Montpellier,2026-05-02
Monoprix,Saveurs,04 67 65 10 00,Polygone Montpellier,2026-05-02
Montre Service,Services,04 12 05 45 59,Polygone Montpellier,2026-05-02
Morgan,Mode femme,04 67 22 10 62,Polygone Montpellier,2026-05-02
Nature et Découvertes,Culture et loisirs,04 67 20 20 03,Polygone Montpellier,2026-05-02
Naturelle,Saveurs,04 99 64 96 29,Polygone Montpellier,2026-05-02
Nespresso,Saveurs,08 00 55 52 53,Polygone Montpellier,2026-05-02
Okaïdi,Mode enfant,04 30 29 73 16,Polygone Montpellier,2026-05-02
Optic 2000,Accessoires,04 67 65 13 25,Polygone Montpellier,2026-05-02
PANDORA,Accessoires,04 67 22 34 20,Polygone Montpellier,2026-05-02
PASSE LA SECONDE,Mode homme,04 28 70 21 00,Polygone Montpellier,2026-05-02
Paul,Saveurs,04 67 65 05 00,Polygone Montpellier,2026-05-02
Pharmacie,Beauté et bien-être,04 69 03 10 36,Polygone Montpellier,2026-05-02
Photomaton,Services,09 70 82 32 46,Polygone Montpellier,2026-05-02
Pimkie,Mode femme,04 67 64 66 65,Polygone Montpellier,2026-05-02
Poly'kids,Services,04 28 70 75 60,Polygone Montpellier,2026-05-02
Polygone Accueil,Services,04 28 70 21 00,Polygone Montpellier,2026-05-02
Poterie de la Madeleine,Maison,04 67 99 98 90,Polygone Montpellier,2026-05-02
Promod,Mode femme,04 48 95 03 00,Polygone Montpellier,2026-05-02
Pull&Bear,Mode homme,04 67 50 48 40,Polygone Montpellier,2026-05-02
RITUALS,Beauté et bien-être,04 28 01 06 47,Polygone Montpellier,2026-05-02
SFR,Services,04 67 15 30 40,Polygone Montpellier,2026-05-02
SNIPES,Mode homme,04 67 27 75 66,Polygone Montpellier,2026-05-02
Sephora,Beauté et bien-être,04 99 13 67 67,Polygone Montpellier,2026-05-02
Sequoia Pressing,Services,04 67 67 27 79,Polygone Montpellier,2026-05-02
Starbucks,Saveurs,04 11 11 03 10,Polygone Montpellier,2026-05-02
Studio 19,Beauté et bien-être,04 67 65 80 87,Polygone Montpellier,2026-05-02
Tabac Presse,Services,04 67 65 13 83,Polygone Montpellier,2026-05-02
Tezenis,Mode femme,04 48 20 10 55,Polygone Montpellier,2026-05-02
The Barber Company,Services,04 67 64 02 24,Polygone Montpellier,2026-05-02
Undiz,Mode homme,04 93 20 10 87,Polygone Montpellier,2026-05-02
Waffle Factory,Saveurs,04 67 65 73 35,Polygone Montpellier,2026-05-02
Yves Rocher,Beauté et bien-être,04 67 22 41 62,Polygone Montpellier,2026-05-02
Zara,Mode homme,04 11 32 03 04,Polygone Montpellier,2026-05-02
iServices,Services,04 34 22 72 36,Polygone Montpellier,2026-05-02
ACUITIS,Santé,04 68 29 74 02,Polygone Perpignan,2026-05-02
Alain Afflelou,Santé,04 68 34 85 23,Polygone Perpignan,2026-05-02
Armand Thiery femme,Mode femme,04 68 52 94 05,Polygone Perpignan,2026-05-02
Armand Thiery homme,Mode homme,04 68 51 63 20,Polygone Perpignan,2026-05-02
Boutique jeux du Polygone,Services et plus,,Polygone Perpignan,2026-05-02
Bréal,Mode femme,04 68 80 55 07,Polygone Perpignan,2026-05-02
Cash & Repair,Services et plus,09 85 19 31 52,Polygone Perpignan,2026-05-02
Darjeeling,Mode femme,04 68 38 77 64,Polygone Perpignan,2026-05-02
Espace culture,Services et plus,04 68 61 58 66,Polygone Perpignan,2026-05-02
Franck Provost,Beauté,04 68 51 24 85,Polygone Perpignan,2026-05-02
Grande Pharmacie de Perpignan,Santé,04 68 35 22 30,Polygone Perpignan,2026-05-02
Générale d’optique,Santé,04 68 38 85 40,Polygone Perpignan,2026-05-02
Histoire d’Or,Bijoux et accessoires,04 68 80 18 50,Polygone Perpignan,2026-05-02
J. Riu,Mode femme,04 68 53 34 98,Polygone Perpignan,2026-05-02
Julien d’Orcel,Bijoux et accessoires,09 62 57 83 64,Polygone Perpignan,2026-05-02
La Boutique de l’USAP,Mode enfant,04 68 63 89 70,Polygone Perpignan,2026-05-02
Maison & Déco E.Leclerc,Maison,04 68 61 59 93,Polygone Perpignan,2026-05-02
Mister Charles,Beauté,04 48 07 22 80,Polygone Perpignan,2026-05-02
Mister Mint,Services et plus,04 68 50 65 32,Polygone Perpignan,2026-05-02
Nocibé,Beauté,04 68 52 44 12,Polygone Perpignan,2026-05-02
Parapharmacie,Santé,04 68 61 58 66,Polygone Perpignan,2026-05-02
Pimkie,Mode femme,04 68 34 92 02,Polygone Perpignan,2026-05-02
STALRIC MAROQUINERIE,Bijoux et accessoires,09 88 30 05 28,Polygone Perpignan,2026-05-02
Toscane,Mode femme,04 68 51 55 95,Polygone Perpignan,2026-05-02
Ultra Premium Direct,Services et plus,04 15 54 06 21,Polygone Perpignan,2026-05-02
Vapotime,Services et plus,04 68 98 52 15,Polygone Perpignan,2026-05-02
Voyages Leclerc,Services et plus,04 68 61 58 66,Polygone Perpignan,2026-05-02
YZATIS,Beauté,04 68 34 36 89,Polygone Perpignan,2026-05-02
